epoch,time,train/loss,metrics/accuracy_top1,metrics/accuracy_top5,val/loss,lr/pg0,lr/pg1,lr/pg2,lr/pg3,lr/pg4,lr/pg5,lr/pg6,lr/pg7
1,24.9096,0.96613,0.7111,1,0.69763,0.00995536,0.00331845,0.00995536,0.00331845,0.00995536,0.00331845,0.00995536,0.00331845
2,48.4183,0.4747,0.77635,1,0.67409,0.0197578,0.00658593,0.0197578,0.00658593,0.0197578,0.00658593,0.0197578,0.00658593
3,71.5307,0.44525,0.72448,1,0.74467,0.0293622,0.00978741,0.0293622,0.00978741,0.0293622,0.00978741,0.0293622,0.00978741
4,94.4315,0.51082,0.70608,1,0.95863,0.029109,0.009703,0.029109,0.009703,0.029109,0.009703,0.029109,0.009703
5,117.295,0.43006,0.77468,1,0.67093,0.028812,0.009604,0.028812,0.009604,0.028812,0.009604,0.028812,0.009604
6,140.289,0.34391,0.87061,1,0.39887,0.028515,0.009505,0.028515,0.009505,0.028515,0.009505,0.028515,0.009505
7,163.235,0.29904,0.8589,1,0.37091,0.028218,0.009406,0.028218,0.009406,0.028218,0.009406,0.028218,0.009406
8,186.208,0.27363,0.81874,1,0.52079,0.027921,0.009307,0.027921,0.009307,0.027921,0.009307,0.027921,0.009307
9,209.103,0.23665,0.84941,1,0.57555,0.027624,0.009208,0.027624,0.009208,0.027624,0.009208,0.027624,0.009208
10,232.118,0.21868,0.86447,1,0.42567,0.027327,0.009109,0.027327,0.009109,0.027327,0.009109,0.027327,0.009109
11,254.897,0.19806,0.86503,1,0.44244,0.02703,0.00901,0.02703,0.00901,0.02703,0.00901,0.02703,0.00901
12,278.066,0.19028,0.88455,1,0.38823,0.026733,0.008911,0.026733,0.008911,0.026733,0.008911,0.026733,0.008911
13,301.24,0.18525,0.8773,1,0.46042,0.026436,0.008812,0.026436,0.008812,0.026436,0.008812,0.026436,0.008812
14,324.217,0.16907,0.87953,1,0.50682,0.026139,0.008713,0.026139,0.008713,0.026139,0.008713,0.026139,0.008713
15,347.263,0.16047,0.89794,1,0.40766,0.025842,0.008614,0.025842,0.008614,0.025842,0.008614,0.025842,0.008614
16,370.591,0.15673,0.89069,1,0.39537,0.025545,0.008515,0.025545,0.008515,0.025545,0.008515,0.025545,0.008515
17,393.632,0.15791,0.8812,1,0.3959,0.025248,0.008416,0.025248,0.008416,0.025248,0.008416,0.025248,0.008416
18,416.589,0.14365,0.87619,1,0.48297,0.024951,0.008317,0.024951,0.008317,0.024951,0.008317,0.024951,0.008317
19,439.534,0.13974,0.89682,1,0.38438,0.024654,0.008218,0.024654,0.008218,0.024654,0.008218,0.024654,0.008218
20,462.449,0.13922,0.87507,1,0.5725,0.024357,0.008119,0.024357,0.008119,0.024357,0.008119,0.024357,0.008119
21,485.315,0.14195,0.8773,1,0.45444,0.02406,0.00802,0.02406,0.00802,0.02406,0.00802,0.02406,0.00802
22,508.114,0.12887,0.86838,1,0.58341,0.023763,0.007921,0.023763,0.007921,0.023763,0.007921,0.023763,0.007921
23,531.176,0.12082,0.89403,1,0.40828,0.023466,0.007822,0.023466,0.007822,0.023466,0.007822,0.023466,0.007822
24,553.978,0.11984,0.88678,1,0.51693,0.023169,0.007723,0.023169,0.007723,0.023169,0.007723,0.023169,0.007723
25,576.791,0.12109,0.87897,1,0.6143,0.022872,0.007624,0.022872,0.007624,0.022872,0.007624,0.022872,0.007624
26,599.7,0.11217,0.89961,1,0.45791,0.022575,0.007525,0.022575,0.007525,0.022575,0.007525,0.022575,0.007525
27,622.513,0.11532,0.89905,1,0.41138,0.022278,0.007426,0.022278,0.007426,0.022278,0.007426,0.022278,0.007426
28,645.544,0.10921,0.89236,1,0.43028,0.021981,0.007327,0.021981,0.007327,0.021981,0.007327,0.021981,0.007327
29,668.521,0.09771,0.89236,1,0.49381,0.021684,0.007228,0.021684,0.007228,0.021684,0.007228,0.021684,0.007228
30,691.61,0.09282,0.89236,1,0.47624,0.021387,0.007129,0.021387,0.007129,0.021387,0.007129,0.021387,0.007129
31,714.257,0.08306,0.89626,1,0.43993,0.02109,0.00703,0.02109,0.00703,0.02109,0.00703,0.02109,0.00703
32,737.015,0.08674,0.89236,1,0.40153,0.020793,0.006931,0.020793,0.006931,0.020793,0.006931,0.020793,0.006931
33,760.111,0.07903,0.88511,1,0.5683,0.020496,0.006832,0.020496,0.006832,0.020496,0.006832,0.020496,0.006832
34,783.023,0.08724,0.89738,1,0.51229,0.020199,0.006733,0.020199,0.006733,0.020199,0.006733,0.020199,0.006733
35,805.646,0.0866,0.88288,1,0.5742,0.019902,0.006634,0.019902,0.006634,0.019902,0.006634,0.019902,0.006634
36,828.537,0.07773,0.90184,1,0.49339,0.019605,0.006535,0.019605,0.006535,0.019605,0.006535,0.019605,0.006535
37,851.479,0.08024,0.8879,1,0.56539,0.019308,0.006436,0.019308,0.006436,0.019308,0.006436,0.019308,0.006436
38,874.235,0.07599,0.89347,1,0.47574,0.019011,0.006337,0.019011,0.006337,0.019011,0.006337,0.019011,0.006337
39,896.914,0.06937,0.87507,1,0.61944,0.018714,0.006238,0.018714,0.006238,0.018714,0.006238,0.018714,0.006238
40,919.806,0.07898,0.87563,1,0.57406,0.018417,0.006139,0.018417,0.006139,0.018417,0.006139,0.018417,0.006139
41,942.638,0.08214,0.88511,1,0.54892,0.01812,0.00604,0.01812,0.00604,0.01812,0.00604,0.01812,0.00604
42,965.51,0.05792,0.89515,1,0.59975,0.017823,0.005941,0.017823,0.005941,0.017823,0.005941,0.017823,0.005941
43,988.59,0.06184,0.89292,1,0.53391,0.017526,0.005842,0.017526,0.005842,0.017526,0.005842,0.017526,0.005842
44,1011.36,0.05925,0.88846,1,0.58201,0.017229,0.005743,0.017229,0.005743,0.017229,0.005743,0.017229,0.005743
45,1034.36,0.0618,0.88622,1,0.62786,0.016932,0.005644,0.016932,0.005644,0.016932,0.005644,0.016932,0.005644
46,1057.28,0.06044,0.89069,1,0.52405,0.016635,0.005545,0.016635,0.005545,0.016635,0.005545,0.016635,0.005545
47,1080.07,0.06207,0.89403,1,0.55778,0.016338,0.005446,0.016338,0.005446,0.016338,0.005446,0.016338,0.005446
48,1102.9,0.05063,0.89571,1,0.53196,0.016041,0.005347,0.016041,0.005347,0.016041,0.005347,0.016041,0.005347
49,1125.73,0.0525,0.8918,1,0.60475,0.015744,0.005248,0.015744,0.005248,0.015744,0.005248,0.015744,0.005248
50,1148.51,0.05118,0.90574,1,0.53452,0.015447,0.005149,0.015447,0.005149,0.015447,0.005149,0.015447,0.005149
51,1171.4,0.05284,0.89738,1,0.62705,0.01515,0.00505,0.01515,0.00505,0.01515,0.00505,0.01515,0.00505
52,1194.3,0.04888,0.9024,1,0.54311,0.014853,0.004951,0.014853,0.004951,0.014853,0.004951,0.014853,0.004951
53,1217.29,0.03994,0.88678,1,0.80821,0.014556,0.004852,0.014556,0.004852,0.014556,0.004852,0.014556,0.004852
54,1240.13,0.04354,0.90351,1,0.64511,0.014259,0.004753,0.014259,0.004753,0.014259,0.004753,0.014259,0.004753
55,1262.86,0.04656,0.8918,1,0.70944,0.013962,0.004654,0.013962,0.004654,0.013962,0.004654,0.013962,0.004654
56,1285.56,0.04599,0.88846,1,0.58697,0.013665,0.004555,0.013665,0.004555,0.013665,0.004555,0.013665,0.004555
57,1308.42,0.04497,0.89459,1,0.58235,0.013368,0.004456,0.013368,0.004456,0.013368,0.004456,0.013368,0.004456
58,1331.14,0.04374,0.89682,1,0.65388,0.013071,0.004357,0.013071,0.004357,0.013071,0.004357,0.013071,0.004357
59,1353.63,0.04071,0.89626,1,0.63569,0.012774,0.004258,0.012774,0.004258,0.012774,0.004258,0.012774,0.004258
60,1376.3,0.04132,0.89794,1,0.58087,0.012477,0.004159,0.012477,0.004159,0.012477,0.004159,0.012477,0.004159
61,1399.13,0.03716,0.90017,1,0.60742,0.01218,0.00406,0.01218,0.00406,0.01218,0.00406,0.01218,0.00406
62,1422.02,0.03676,0.9024,1,0.56509,0.011883,0.003961,0.011883,0.003961,0.011883,0.003961,0.011883,0.003961
63,1444.81,0.03514,0.91355,1,0.54086,0.011586,0.003862,0.011586,0.003862,0.011586,0.003862,0.011586,0.003862
64,1467.61,0.03053,0.89794,1,0.67259,0.011289,0.003763,0.011289,0.003763,0.011289,0.003763,0.011289,0.003763
65,1490.39,0.02972,0.90519,1,0.59743,0.010992,0.003664,0.010992,0.003664,0.010992,0.003664,0.010992,0.003664
66,1513.17,0.03206,0.89794,1,0.65681,0.010695,0.003565,0.010695,0.003565,0.010695,0.003565,0.010695,0.003565
67,1536.07,0.03072,0.89849,1,0.62565,0.010398,0.003466,0.010398,0.003466,0.010398,0.003466,0.010398,0.003466
68,1558.89,0.02978,0.90574,1,0.6402,0.010101,0.003367,0.010101,0.003367,0.010101,0.003367,0.010101,0.003367
69,1581.57,0.03093,0.89347,1,0.71359,0.009804,0.003268,0.009804,0.003268,0.009804,0.003268,0.009804,0.003268
70,1604.45,0.03183,0.88901,1,0.68197,0.009507,0.003169,0.009507,0.003169,0.009507,0.003169,0.009507,0.003169
71,1627.35,0.03202,0.88901,1,0.65057,0.00921,0.00307,0.00921,0.00307,0.00921,0.00307,0.00921,0.00307
72,1650.41,0.02245,0.89515,1,0.66221,0.008913,0.002971,0.008913,0.002971,0.008913,0.002971,0.008913,0.002971
73,1673.22,0.02633,0.89347,1,0.69878,0.008616,0.002872,0.008616,0.002872,0.008616,0.002872,0.008616,0.002872
74,1696.09,0.02392,0.89403,1,0.70572,0.008319,0.002773,0.008319,0.002773,0.008319,0.002773,0.008319,0.002773
75,1718.92,0.01803,0.8879,1,0.68879,0.008022,0.002674,0.008022,0.002674,0.008022,0.002674,0.008022,0.002674
76,1741.93,0.02355,0.89515,1,0.69616,0.007725,0.002575,0.007725,0.002575,0.007725,0.002575,0.007725,0.002575
77,1764.65,0.02246,0.90184,1,0.63622,0.007428,0.002476,0.007428,0.002476,0.007428,0.002476,0.007428,0.002476
78,1787.3,0.01978,0.89794,1,0.66361,0.007131,0.002377,0.007131,0.002377,0.007131,0.002377,0.007131,0.002377
