epoch,time,train/box_loss,train/cls_loss,train/l1_loss,metrics/precision(B),metrics/recall(B),metrics/mAP50(B),metrics/mAP50-95(B),val/box_loss,val/cls_loss,val/l1_loss,lr/pg0,lr/pg1,lr/pg2
1,58.7125,1.43107,3.16035,0.00892,0.23422,0.92901,0.6735,0.46934,1.25008,2.28971,0.01118,0.000656566,0.000656566,0.000656566
2,83.8778,1.22923,1.07118,0.00742,0.73475,0.68284,0.81465,0.47421,1.4396,1.22299,0.01446,0.00131013,0.00131013,0.00131013
3,111.424,1.17384,0.89815,0.00716,0.8183,0.78647,0.89347,0.55658,1.387,0.90783,0.01337,0.0019505,0.0019505,0.0019505
4,138.767,1.10625,0.76514,0.00679,0.84975,0.84684,0.92396,0.64594,1.17348,0.67132,0.01029,0.0019406,0.0019406,0.0019406
5,166.656,1.11642,0.72049,0.00672,0.87078,0.88519,0.94536,0.70929,0.91878,0.53844,0.00759,0.0019208,0.0019208,0.0019208
6,194.283,1.06025,0.66377,0.00639,0.89103,0.91415,0.96483,0.70692,0.99685,0.52787,0.00852,0.001901,0.001901,0.001901
7,222.446,1.02685,0.61912,0.00599,0.81858,0.89939,0.93273,0.72275,0.86885,0.5346,0.00713,0.0018812,0.0018812,0.0018812
8,249.407,1.0304,0.58224,0.00612,0.91537,0.88765,0.96785,0.67113,1.15784,0.51391,0.01087,0.0018614,0.0018614,0.0018614
9,276.977,1.0011,0.54226,0.00594,0.88454,0.92957,0.96614,0.70857,0.98622,0.45818,0.00846,0.0018416,0.0018416,0.0018416
10,304.032,1.00751,0.53532,0.00601,0.9045,0.90527,0.97035,0.73283,0.90101,0.44203,0.00756,0.0018218,0.0018218,0.0018218
11,331.846,0.9753,0.49022,0.0057,0.9266,0.91734,0.97758,0.70742,1.05907,0.42272,0.00966,0.001802,0.001802,0.001802
12,359.305,0.99173,0.4828,0.0059,0.90658,0.93963,0.97348,0.74403,0.89663,0.39711,0.0075,0.0017822,0.0017822,0.0017822
13,386.325,0.96907,0.46222,0.00573,0.9156,0.90665,0.97239,0.76109,0.84679,0.40189,0.00687,0.0017624,0.0017624,0.0017624
14,414.139,0.96316,0.45047,0.00559,0.93809,0.94011,0.98296,0.73127,0.9582,0.3756,0.00813,0.0017426,0.0017426,0.0017426
15,442.059,0.96397,0.44798,0.00559,0.90431,0.90857,0.96636,0.68134,1.08366,0.46455,0.00969,0.0017228,0.0017228,0.0017228
16,469.225,0.96856,0.43719,0.00563,0.94844,0.93563,0.98454,0.74335,0.94802,0.37345,0.00793,0.001703,0.001703,0.001703
17,496.482,0.95537,0.43328,0.0056,0.93488,0.93088,0.9824,0.76508,0.85966,0.3553,0.0073,0.0016832,0.0016832,0.0016832
18,524.45,0.96997,0.41253,0.00562,0.91285,0.93685,0.98032,0.73537,0.97568,0.37644,0.00813,0.0016634,0.0016634,0.0016634
19,552.46,0.92416,0.41023,0.00526,0.93966,0.94746,0.98621,0.74686,0.90415,0.35599,0.00779,0.0016436,0.0016436,0.0016436
20,580.259,0.95491,0.40127,0.00564,0.92301,0.9469,0.98336,0.74248,0.89627,0.36448,0.00773,0.0016238,0.0016238,0.0016238
21,608.048,0.91116,0.3806,0.00524,0.96173,0.95193,0.98995,0.78048,0.82045,0.30269,0.00665,0.001604,0.001604,0.001604
22,635.787,0.92997,0.37306,0.0054,0.93001,0.92901,0.97967,0.73985,0.89584,0.38842,0.00735,0.0015842,0.0015842,0.0015842
23,663.667,0.96298,0.38911,0.00554,0.94927,0.90993,0.98148,0.73536,0.95019,0.37032,0.00802,0.0015644,0.0015644,0.0015644
24,691.001,0.89463,0.37195,0.00519,0.9482,0.96172,0.9886,0.74644,0.91387,0.31849,0.00783,0.0015446,0.0015446,0.0015446
25,718.487,0.90789,0.3712,0.00518,0.95426,0.92733,0.98417,0.77232,0.82238,0.32482,0.00653,0.0015248,0.0015248,0.0015248
26,746.305,0.91276,0.37788,0.00534,0.9547,0.93073,0.98546,0.75778,0.86639,0.34901,0.00725,0.001505,0.001505,0.001505
27,773.875,0.87482,0.35712,0.00503,0.95196,0.95256,0.98683,0.77888,0.83886,0.30071,0.00677,0.0014852,0.0014852,0.0014852
28,801.607,0.87959,0.35989,0.00506,0.93945,0.92803,0.98107,0.748,0.86826,0.37946,0.00699,0.0014654,0.0014654,0.0014654
29,829.376,0.89947,0.35806,0.00524,0.95297,0.96646,0.98954,0.75312,0.92906,0.32851,0.00799,0.0014456,0.0014456,0.0014456
30,857.143,0.89182,0.35577,0.00507,0.95063,0.94725,0.98733,0.78202,0.81898,0.31047,0.00661,0.0014258,0.0014258,0.0014258
31,885.022,0.89048,0.35649,0.00519,0.96689,0.95864,0.99029,0.77347,0.87045,0.30558,0.00757,0.001406,0.001406,0.001406
32,912.662,0.86483,0.34895,0.00495,0.93667,0.96926,0.98765,0.77708,0.83027,0.30578,0.0068,0.0013862,0.0013862,0.0013862
33,940.715,0.89468,0.34771,0.00511,0.95087,0.94466,0.98585,0.77089,0.84049,0.32561,0.00678,0.0013664,0.0013664,0.0013664
34,968.255,0.89288,0.34505,0.0051,0.95097,0.95081,0.98749,0.76326,0.89331,0.32086,0.00756,0.0013466,0.0013466,0.0013466
35,995.694,0.86907,0.34103,0.00497,0.9805,0.96534,0.99247,0.78588,0.83137,0.27586,0.00691,0.0013268,0.0013268,0.0013268
36,1023.18,0.8505,0.33113,0.00488,0.96635,0.96301,0.99118,0.79255,0.79533,0.28374,0.00643,0.001307,0.001307,0.001307
37,1050.63,0.86547,0.34205,0.00494,0.98013,0.96982,0.99266,0.78505,0.82266,0.27228,0.00664,0.0012872,0.0012872,0.0012872
38,1077.61,0.86107,0.32776,0.00496,0.97577,0.96791,0.99171,0.77582,0.85337,0.27876,0.00697,0.0012674,0.0012674,0.0012674
39,1105.31,0.85465,0.32795,0.00484,0.95594,0.94746,0.98861,0.78537,0.80709,0.2906,0.00657,0.0012476,0.0012476,0.0012476
40,1132.63,0.85749,0.33156,0.00487,0.97332,0.95828,0.99125,0.78916,0.80364,0.27723,0.00654,0.0012278,0.0012278,0.0012278
41,1160.55,0.85107,0.31798,0.0049,0.96932,0.96982,0.99212,0.78368,0.82942,0.27552,0.00678,0.001208,0.001208,0.001208
42,1188.33,0.83795,0.31643,0.00476,0.90945,0.91895,0.97946,0.78377,0.77897,0.35769,0.00624,0.0011882,0.0011882,0.0011882
43,1216.15,0.83502,0.31664,0.00484,0.96431,0.9667,0.99161,0.77245,0.85929,0.28559,0.00697,0.0011684,0.0011684,0.0011684
44,1243.84,0.838,0.31594,0.00471,0.98604,0.96926,0.99354,0.79145,0.80007,0.24257,0.00637,0.0011486,0.0011486,0.0011486
45,1271.53,0.83629,0.31024,0.00478,0.97929,0.97819,0.99332,0.79089,0.82641,0.25712,0.00679,0.0011288,0.0011288,0.0011288
46,1299.13,0.82477,0.30903,0.00464,0.98527,0.96423,0.99315,0.79977,0.77794,0.254,0.00626,0.001109,0.001109,0.001109
47,1326.33,0.82766,0.30563,0.00463,0.95255,0.96982,0.99069,0.78652,0.81345,0.27332,0.00662,0.0010892,0.0010892,0.0010892
48,1353.87,0.82167,0.30602,0.00463,0.97313,0.97155,0.99261,0.77285,0.88631,0.26801,0.00743,0.0010694,0.0010694,0.0010694
49,1381.66,0.83897,0.30612,0.00468,0.97739,0.96657,0.99262,0.79817,0.78568,0.25564,0.00624,0.0010496,0.0010496,0.0010496
50,1409.35,0.82894,0.30722,0.00479,0.97639,0.97087,0.99278,0.79567,0.79929,0.25172,0.00645,0.0010298,0.0010298,0.0010298
51,1437.25,0.80599,0.29481,0.00461,0.97159,0.97509,0.99299,0.79681,0.79475,0.24792,0.00641,0.00101,0.00101,0.00101
52,1464.55,0.80174,0.28912,0.00457,0.98361,0.96199,0.99268,0.79656,0.79268,0.25613,0.00642,0.0009902,0.0009902,0.0009902
53,1491.8,0.79699,0.29613,0.00442,0.98625,0.96225,0.99208,0.79059,0.78866,0.25683,0.00631,0.0009704,0.0009704,0.0009704
54,1519.45,0.81017,0.2996,0.00455,0.98013,0.96926,0.99274,0.78896,0.82868,0.26745,0.00682,0.0009506,0.0009506,0.0009506
55,1546.96,0.78851,0.29142,0.00444,0.98296,0.97541,0.99359,0.79594,0.79275,0.24408,0.00634,0.0009308,0.0009308,0.0009308
56,1574.49,0.8133,0.30103,0.00458,0.97642,0.97236,0.99315,0.80016,0.78573,0.24604,0.00631,0.000911,0.000911,0.000911
57,1601.87,0.8121,0.29987,0.0046,0.97669,0.97652,0.99354,0.79921,0.77522,0.24966,0.00618,0.0008912,0.0008912,0.0008912
58,1629.87,0.80118,0.29007,0.00451,0.97451,0.97541,0.99328,0.79124,0.799,0.25117,0.0064,0.0008714,0.0008714,0.0008714
59,1658.23,0.79436,0.28696,0.00445,0.96805,0.98231,0.99299,0.80101,0.78555,0.25093,0.00634,0.0008516,0.0008516,0.0008516
60,1685.78,0.79989,0.29624,0.0045,0.98138,0.97317,0.99362,0.80503,0.77766,0.24262,0.00615,0.0008318,0.0008318,0.0008318
61,1713.51,0.80203,0.29004,0.00441,0.98044,0.98072,0.99371,0.79133,0.82791,0.24679,0.0068,0.000812,0.000812,0.000812
62,1740.94,0.78982,0.28791,0.00442,0.98864,0.97291,0.99408,0.8032,0.77825,0.24956,0.00618,0.0007922,0.0007922,0.0007922
63,1768.5,0.80251,0.28729,0.00444,0.97958,0.97317,0.99303,0.80197,0.78187,0.24374,0.00622,0.0007724,0.0007724,0.0007724
64,1796.12,0.78674,0.28802,0.00439,0.97678,0.97708,0.99332,0.80591,0.76638,0.24796,0.00609,0.0007526,0.0007526,0.0007526
65,1823.54,0.78267,0.27959,0.00435,0.98146,0.97672,0.99375,0.79448,0.81037,0.24933,0.00663,0.0007328,0.0007328,0.0007328
66,1851.14,0.78659,0.28274,0.00433,0.97044,0.9782,0.99313,0.79806,0.79491,0.24492,0.00636,0.000713,0.000713,0.000713
67,1878.3,0.77872,0.27694,0.00442,0.97929,0.97785,0.99323,0.80072,0.79459,0.2427,0.00634,0.0006932,0.0006932,0.0006932
68,1905.82,0.77803,0.276,0.00423,0.97733,0.97876,0.9935,0.80511,0.78085,0.23919,0.00626,0.0006734,0.0006734,0.0006734
69,1932.83,0.7689,0.27617,0.00426,0.97642,0.97218,0.99308,0.80102,0.7753,0.23982,0.00619,0.0006536,0.0006536,0.0006536
70,1960.51,0.77633,0.27727,0.00423,0.97925,0.97584,0.99384,0.80372,0.78412,0.23938,0.00633,0.0006338,0.0006338,0.0006338
71,1987.81,0.75995,0.26716,0.00419,0.97868,0.97527,0.99304,0.79853,0.79261,0.24823,0.00634,0.000614,0.000614,0.000614
72,2015.27,0.76427,0.26864,0.00428,0.97712,0.97876,0.99385,0.80451,0.77573,0.23645,0.00621,0.0005942,0.0005942,0.0005942
73,2042.8,0.75918,0.27285,0.00418,0.98041,0.97936,0.99393,0.81041,0.7658,0.231,0.00615,0.0005744,0.0005744,0.0005744
74,2070.59,0.75879,0.27505,0.00417,0.98099,0.98053,0.9941,0.80924,0.76699,0.22728,0.00613,0.0005546,0.0005546,0.0005546
75,2097.63,0.75987,0.27185,0.00425,0.97458,0.98581,0.99402,0.8084,0.76827,0.23144,0.00612,0.0005348,0.0005348,0.0005348
76,2125.13,0.74596,0.26228,0.00416,0.98365,0.97552,0.99392,0.81184,0.7558,0.23125,0.00596,0.000515,0.000515,0.000515
77,2152.63,0.75691,0.26972,0.00412,0.97544,0.98603,0.99408,0.80893,0.76453,0.23283,0.00612,0.0004952,0.0004952,0.0004952
78,2179.94,0.7531,0.26715,0.00422,0.97918,0.97256,0.99337,0.8115,0.74939,0.23648,0.00595,0.0004754,0.0004754,0.0004754
79,2207.58,0.75632,0.26517,0.00414,0.97794,0.97596,0.99363,0.80548,0.76975,0.23848,0.00617,0.0004556,0.0004556,0.0004556
80,2234.89,0.75475,0.26936,0.00417,0.98583,0.97221,0.99369,0.80779,0.76121,0.23231,0.00609,0.0004358,0.0004358,0.0004358
81,2262.44,0.74542,0.25976,0.00419,0.97552,0.97541,0.99355,0.81074,0.75267,0.23006,0.00593,0.000416,0.000416,0.000416
82,2289.87,0.73407,0.25974,0.00408,0.9814,0.97338,0.9937,0.81275,0.75711,0.23061,0.00599,0.0003962,0.0003962,0.0003962
83,2317.31,0.74028,0.26221,0.00403,0.98093,0.9778,0.99366,0.81214,0.75828,0.23018,0.00601,0.0003764,0.0003764,0.0003764
84,2344.76,0.73868,0.2631,0.00406,0.98527,0.97196,0.99376,0.81224,0.7513,0.23221,0.00592,0.0003566,0.0003566,0.0003566
85,2371.87,0.73157,0.26373,0.00403,0.98422,0.97601,0.99382,0.8105,0.76476,0.2363,0.00606,0.0003368,0.0003368,0.0003368
86,2399.16,0.72678,0.25305,0.00403,0.98308,0.97447,0.99395,0.81017,0.75881,0.22863,0.00599,0.000317,0.000317,0.000317
87,2426.36,0.72621,0.25161,0.00404,0.98667,0.97317,0.99387,0.81101,0.7548,0.22762,0.00595,0.0002972,0.0002972,0.0002972
88,2453.5,0.72431,0.25327,0.00398,0.98019,0.9782,0.99378,0.81155,0.75673,0.229,0.00599,0.0002774,0.0002774,0.0002774
89,2480.75,0.72428,0.25408,0.00402,0.98316,0.97932,0.99407,0.81054,0.75653,0.22786,0.00594,0.0002576,0.0002576,0.0002576
90,2507.77,0.73224,0.25761,0.00409,0.98685,0.96982,0.99364,0.80773,0.76303,0.22782,0.00606,0.0002378,0.0002378,0.0002378
91,2537.72,0.68104,0.20686,0.0045,0.97129,0.98332,0.99366,0.80704,0.76918,0.2267,0.00611,0.000218,0.000218,0.000218
92,2564.89,0.67747,0.20379,0.00435,0.98896,0.97373,0.99384,0.80833,0.76901,0.22456,0.00617,0.0001982,0.0001982,0.0001982
93,2592.03,0.67502,0.20472,0.00438,0.97733,0.97932,0.99387,0.8047,0.77357,0.23081,0.00614,0.0001784,0.0001784,0.0001784
94,2618.72,0.66423,0.20059,0.0043,0.97775,0.98249,0.99393,0.80668,0.77245,0.22684,0.00615,0.0001586,0.0001586,0.0001586
95,2645.67,0.66839,0.20077,0.00433,0.98239,0.98044,0.99404,0.81182,0.76307,0.22394,0.00603,0.0001388,0.0001388,0.0001388
96,2672.37,0.6599,0.19819,0.00421,0.98559,0.97876,0.99409,0.81115,0.76239,0.22024,0.00603,0.000119,0.000119,0.000119
97,2699.37,0.65464,0.20021,0.00421,0.98433,0.97764,0.99409,0.81081,0.7616,0.22346,0.00603,9.92e-05,9.92e-05,9.92e-05
98,2726.3,0.6559,0.19626,0.0042,0.97772,0.9813,0.99404,0.81175,0.75601,0.22607,0.00597,7.94e-05,7.94e-05,7.94e-05
99,2753.27,0.65228,0.19611,0.00415,0.97827,0.98144,0.99393,0.80954,0.75718,0.22618,0.00598,5.96e-05,5.96e-05,5.96e-05
100,2780.33,0.65005,0.19648,0.00413,0.97664,0.98163,0.99402,0.81247,0.75345,0.22456,0.00594,3.98e-05,3.98e-05,3.98e-05
